{"title": [{"value": "Iconologia Di Cesare Ripa Pervgino Cav.re De S.ti Mavritio, E Lazzaro: Nella Qvale Si Descrivono Diverse Imagini di Virtù, Vitij, Affetti, Passioni humane, Arti, Discipline, Humori, Elementi, Corpi Celesti, Prouincie d'Italia, Fiumi, Tutte le parti del Mondo, ed altre infinite materie ; Opera Vtile Ad Oratori, Predicatori, Poeti, Pittori, Scvltori, Disegnatori, e ad o"}], "extent": [{"value": "[7], 436 S."}, {"value": "Ill."}], "isPartOf": [{"id": "http://gkg-digital.uni-hd.de", "@type": "series", "label": "Quellen zur Geschichte der Kunstgeschichte"}, {"id": "http://gkg-digital.uni-hd.de", "@type": "series", "label": "Sources for the history of art history"}, {"@type": "series", "label": "Kunstwissenschaftliche Literatur"}, {"@type": "series", "label": "Cicognara"}, {"@type": "series", "label": "Druckschriften"}, {"@type": "series", "label": "Heidelberger historische Bestände — digital: Quellen zur Geschichte der Kunstgeschichte"}, {"@type": "virtualCollection", "label": "Cicognara Collection"}], "grpContributor": [{"value": "Heidelberg University Library"}], "hasFormat": [{"value": "https://digi.ub.uni-heidelberg.de/diglit/iiif/ripa1613bd1/manifest.json", "@type": "iiif"}], "subject": [{"label": "Cicognara"}, {"label": "Parte Seconda"}, {"label": "Mitologia, Immagini Sacre, e Costumi Religiosi di diversi Popoli"}], "language": [{"value": "Italian"}], "@id": "http://portal.getty.edu/books/uh_urn:nbn:de:bsz:16-diglit-32330", "@context": {"title": "http://purl.org/dc/elements/1.1/title", "URI": "http://purl.org/dc/terms/URI", "subject": "http://purl.org/dc/elements/1.1/subject", "grpContributor": "http://portal.getty.edu/terms/gri/grpContributor", "relation": "http://purl.org/dc/elements/1.1/relation", "issued": "http://purl.org/dc/terms/issued", "iiif": "http://portal.getty.edu/terms/cicognara/iiif", "format": "http://purl.org/dc/elements/1.1/format", "cicognaraNumber": "http://portal.getty.edu/terms/cicognara/cicognaraNumber", "identifier": "http://purl.org/dc/elements/1.1/identifier", "source": "http://purl.org/dc/elements/1.1/source", "type": "http://purl.org/dc/elements/1.1/type", "virtualCollection": "http://portal.getty.edu/terms/gri/virtualCollection", "DCMIType": "http://purl.org/dc/terms/DCMIType", "extent": "http://purl.org/dc/terms/extent", "rights": "http://purl.org/dc/elements/1.1/rights", "isPartOf": "http://purl.org/dc/terms/isPartOf", "hasFormat": "http://purl.org/dc/terms/hasFormat", "language": "http://purl.org/dc/elements/1.1/language", "accessRights": "http://purl.org/dc/terms/accessRights", "dclNumber": "http://portal.getty.edu/terms/cicognara/dclNumber", "series": "http://portal.getty.edu/terms/gri/series"}, "issued": [{"value": "1613"}, {"value": "1613"}], "accessRights": [{"value": "https://creativecommons.org/licenses/by-sa/3.0/"}, {"value": "http://www.ub.uni-heidelberg.de/Englisch/helios/digi/nutzung/Welcome.html"}, {"value": "https://creativecommons.org/licenses/by-sa/3.0/de/"}, {"value": "http://www.ub.uni-heidelberg.de/helios/digi/nutzung/Welcome.html"}], "identifier": [{"value": "http://portal.getty.edu/api/tp3j85", "@type": "URI"}, {"value": "4741", "@type": "cicognaraNumber"}, {"value": "srq", "@type": "dclNumber"}], "source": [{"value": "Getty Research Portal"}, {"value": "Heidelberg University Library"}], "type": [{"@type": "DCMIType", "label": "Text"}]}