{"language": [{"value": "English"}], "source": [{"value": "Getty Research Portal"}, {"value": "Metropolitan Museum of Art"}], "creator": [{"@type": "Person", "label": "Ellwanger, George H. (George Herman), 1848-1906."}], "publisher": [{"value": "New York : Dodd, Mead & Company"}], "@id": "http://portal.getty.edu/books/met_00573979", "type": [{"@type": "DCMIType", "label": "Text"}, {"label": "Publishers{u2019} cloth bindings (Binding)"}, {"id": ["http://vocab.getty.edu/page/aat/300417814"], "label": "Pictorial cloth bindings (Binding)"}, {"label": "Gilt edges (Binding)"}], "title": [{"value": "Meditations on gout with a consideration of its cure through the use of wine / by George H. Ellwanger ... With a frontispiece & decoration by George Wharton Edwards."}], "issued": [{"value": "[1897]"}, {"value": "1897"}], "subject": [{"@type": "LCSH", "label": "Gout."}, {"label": "Gout."}, {"@type": "LCC", "label": "RC291 .E44"}], "@context": {"source": "http://purl.org/dc/elements/1.1/source", "format": "http://purl.org/dc/elements/1.1/format", "creator": "http://purl.org/dc/elements/1.1/creator", "DCMIType": "http://purl.org/dc/terms/DCMIType", "publisher": "http://purl.org/dc/elements/1.1/publisher", "Person": "http://schema.org/Person", "type": "http://purl.org/dc/elements/1.1/type", "language": "http://purl.org/dc/elements/1.1/language", "oclc": "http://portal.getty.edu/terms/gri/oclc", "title": "http://purl.org/dc/elements/1.1/title", "LCSH": "http://purl.org/dc/terms/LCSH", "URI": "http://purl.org/dc/terms/URI", "LCC": "http://purl.org/dc/terms/LCC", "issued": "http://purl.org/dc/terms/issued", "subject": "http://purl.org/dc/elements/1.1/subject", "Organization": "http://schema.org/Organization", "contributor": "http://purl.org/dc/elements/1.1/contributor", "grpContributor": "http://portal.getty.edu/terms/gri/grpContributor", "extent": "http://purl.org/dc/terms/extent", "identifier": "http://purl.org/dc/elements/1.1/identifier"}, "contributor": [{"@type": "Person", "label": "Edwards, George Wharton, 1859-1950, binding designer."}, {"@type": "Organization", "label": "Dodd, Mead & Company, publisher."}], "grpContributor": [{"value": "Metropolitan Museum of Art"}], "extent": [{"value": "xvi pages, 1 leaf, 208 pages"}], "identifier": [{"value": "http://portal.getty.edu/api/fs9v11", "@type": "URI"}, {"value": "00573979", "@type": "oclc"}]}