{"language": [{"value": "Latin"}], "source": [{"value": "Getty Research Portal"}, {"value": "Getty Research Institute"}], "creator": [{"@type": "Person", "label": "Crell, Carl Justus Ludwig von, 1772-1793."}], "alternative": [{"value": "Commentatio de optima extracta parandi methodo"}, {"value": "Caroli Ivsti Lvdovici de Crell Commentatio de optima extracta parandi methodo"}], "publisher": [{"value": "Gottingae : Typis Ioann. Christian. Dieterich"}], "@id": "http://portal.getty.edu/books/gri_9923593930001551", "spatial": [{"value": "Germany Göttingen."}], "title": [{"value": "Caroli Iusti Ludouici de Crell Commentatio de optima extracta parandi methodo ..."}], "issued": [{"value": "[1793]"}, {"value": "1793"}], "subject": [{"@type": "LCSH", "label": "Chemistry -- Early works to 1800."}, {"@type": "LCSH", "label": "Extracts -- Early works to 1800."}], "@context": {"source": "http://purl.org/dc/elements/1.1/source", "format": "http://purl.org/dc/elements/1.1/format", "DCMIType": "http://purl.org/dc/terms/DCMIType", "alternative": "http://purl.org/dc/terms/alternative", "publisher": "http://purl.org/dc/elements/1.1/publisher", "Person": "http://schema.org/Person", "spatial": "http://purl.org/dc/terms/spatial", "aat": "http://www.getty.edu/research/tools/vocabularies/aat/", "title": "http://purl.org/dc/elements/1.1/title", "LCSH": "http://purl.org/dc/terms/LCSH", "URI": "http://purl.org/dc/terms/URI", "contributor": "http://purl.org/dc/elements/1.1/contributor", "identifier": "http://purl.org/dc/elements/1.1/identifier", "language": "http://purl.org/dc/elements/1.1/language", "creator": "http://purl.org/dc/elements/1.1/creator", "coverage": "http://purl.org/dc/elements/1.1/coverage", "type": "http://purl.org/dc/elements/1.1/type", "oclc": "http://portal.getty.edu/terms/gri/oclc", "issued": "http://purl.org/dc/terms/issued", "subject": "http://purl.org/dc/elements/1.1/subject", "grpContributor": "http://portal.getty.edu/terms/gri/grpContributor", "description": "http://purl.org/dc/elements/1.1/description", "extent": "http://purl.org/dc/terms/extent"}, "contributor": [{"@type": "Person", "label": "Dieterich, Johann Christian, 1722-1800."}], "grpContributor": [{"value": "Getty Research Institute"}], "description": [{"value": "Signatures: A-D4."}, {"value": "Final page blank."}, {"value": "\"In certamine literario ciuium Academiae Georgiae Augustae die IV. junii MDCCXCIII praemio a rege M. Britanniae Aug. constituto iudicio ordinis medici ornata.\""}, {"value": "Includes bibliographical references."}], "extent": [{"value": "31, [1] p., [1] leaf of plates"}], "type": [{"@type": "DCMIType", "label": "Text"}, {"id": ["http://vocab.getty.edu/page/aat/300041340"], "@type": "aat", "label": "Engravings"}], "identifier": [{"value": "http://portal.getty.edu/api/rp874b", "@type": "URI"}, {"value": "85177734", "@type": "oclc"}]}